feature,pvalue
,0.0
i,0.0
knowledg,0.0
interest,0.006
horribl,0.0
system,0.032
worst,0.0
black,0.038
call,0.0
brand,0.0
ibuypow,0.0
part,0.0
differ,0.0
buy,0.0
stock,0.003
excel,0.0
actual,0.0
xp,0.0
free,0.0
item,0.013
poor,0.0
team,0.0
cancel,0.015
use,0.002
get,0.0
reliabl,0.0
manag,0.0
info,0.0
code,0.0
realli,0.0
ask,0.0
overal,0.0
check,0.034
els,0.0
complet,0.0
geekbuddi,0.0
bad,0.0
awesom,0.0
best,0.0
thi,0.0
paypal,0.001
address,0.045
peopl,0.0
stop,0.0
issu,0.0
gener,0.0
dell,0.013
servic,0.0
littl,0.0
instal,0.0
samsung,0.0
sound,0.0
click,0.001
ipad,0.01
problem,0.011
lot,0.003
great,0.0
doesnt,0.0
need,0.0
month,0.0
function,0.0
rebat,0.0
quickli,0.0
polici,0.008
bewar,0.0
desktop,0.0
comput,0.04
watch,0.008
top,0.0
perfect,0.0
money,0.0
warranti,0.016
happi,0.0
ive,0.0
dont,0.0
someon,0.008
assist,0.029
satisfi,0.0
price,0.0
contact,0.002
refund,0.0
locat,0.002
repair,0.025
howev,0.0
everyth,0.0
payment,0.0
easi,0.001
store,0.0
worth,0.0
respons,0.04
host,0.0
pick,0.011
applianc,0.02
love,0.0
anyth,0.0
terribl,0.0
aw,0.0
day,0.0
account,0.0
ship,0.0
rude,0.0
new,0.01
good,0.0
fast,0.001
amaz,0.0
abl,0.0
fee,0.0
guess,0.0
someth,0.0
im,0.001
laptop,0.0
sell,0.018
iphon,0.0
order,0.0
nice,0.0
staff,0.002
cheap,0.018
work,0.0
custom,0.0
pc,0.0
electron,0.0
hour,0.0
appl,0.0
didnt,0.0
review,0.02
messag,0.002
daili,0.0
touch,0.0
wont,0.011
viru,0.001
ok,0.032
tri,0.0
pretti,0.0
