Feature,Positive(0),Negative(1),Total
i,761,1865,2625
order,112,397,509
custom,101,275,376
day,47,243,290
comput,120,219,339
servic,117,216,333
time,109,208,317
ship,64,208,272
call,19,204,223
item,53,185,238
product,149,159,308
newegg,35,144,179
store,76,141,217
phone,52,132,184
card,32,123,155
laptop,96,121,217
compani,64,119,182
dell,69,117,186
price,152,116,268
return,36,113,149
money,18,110,128
work,72,105,177
credit,20,105,125
use,78,104,182
buy,77,102,179
new,62,100,162
purchas,47,100,147
tri,17,100,117
number,16,98,114
hour,4,98,102
week,27,96,123
problem,59,94,153
best,119,93,212
refund,5,92,97
year,84,90,174
email,14,90,104
thi,34,87,121
manag,3,85,88
good,175,83,258
dont,28,79,106
place,44,74,118
issu,40,73,113
site,80,72,152
busi,32,72,104
tv,16,67,83
month,13,67,80
im,29,66,95
way,19,66,85
sinc,25,65,90
ask,6,65,71
get,25,64,89
minut,8,64,72
person,17,63,80
final,11,63,74
cancel,2,63,65
onlin,44,62,106
receiv,16,62,78
fri,20,61,81
inform,15,58,73
charg,10,58,68
support,43,57,100
thing,42,57,99
peopl,24,57,81
websit,46,56,102
ive,44,56,100
contact,7,56,63
last,28,54,82
deliveri,25,54,79
help,52,53,105
didnt,9,50,59
sale,29,49,78
respons,3,49,52
deal,48,48,96
depart,5,47,52
part,42,46,88
system,21,46,67
bad,15,46,61
replac,11,46,57
look,19,45,64
point,10,45,55
review,30,44,74
tiger,24,44,68
packag,16,43,59
pay,14,43,57
anyth,10,43,53
open,2,43,45
appl,82,42,123
process,12,42,54
instal,7,42,49
talk,5,42,47
first,15,41,56
wait,12,41,53
address,1,41,42
warranti,16,40,56
care,13,40,53
state,2,40,42
box,13,39,52
experi,31,38,69
realli,33,37,70
hard,14,37,51
drive,12,37,49
account,4,37,41
arriv,16,36,52
guy,12,36,48
question,11,36,47
stock,11,36,47
claim,1,36,37
screen,12,35,47
speak,2,35,37
direct,18,34,52
next,7,34,41
someon,6,34,40
pleas,4,34,38
track,4,34,38
everi,25,33,58
sure,22,33,55
complet,13,33,46
line,4,33,37
much,23,32,54
tigerdirect,19,32,51
polici,17,32,49
home,13,32,45
check,11,32,43
date,7,32,39
supervisor,1,32,33
end,10,31,41
name,6,31,37
need,19,30,49
gift,6,30,36
terribl,1,30,31
messag,0,30,30
shop,34,29,63
reason,18,29,47
seller,9,29,38
second,4,29,33
hold,2,29,31
worst,0,29,29
great,154,28,182
old,15,28,43
cant,13,28,41
fix,11,28,39
confirm,1,28,29
lie,0,28,28
someth,23,27,50
case,10,27,37
window,9,27,36
howev,9,27,36
doesnt,4,27,31
actual,17,26,43
pick,14,26,40
today,6,26,32
request,1,26,27
chang,9,25,34
wrong,9,25,34
give,5,25,30
bank,1,25,26
free,31,24,55
tech,20,24,44
offer,12,24,36
cost,11,24,35
updat,10,24,34
softwar,9,24,33
total,8,24,32
tell,7,24,31
let,4,24,28
manufactur,4,24,28
differ,4,24,28
horribl,0,24,24
origin,0,24,24
electron,38,23,61
extra,7,23,30
dollar,4,23,27
damag,3,23,26
key,2,23,25
defect,1,23,24
unit,1,23,24
lot,36,22,58
fine,11,22,33
least,9,22,31
full,8,22,30
friday,6,22,28
poor,5,22,27
start,5,22,27
answer,4,22,26
rep,3,22,25
mani,36,21,57
star,11,21,32
deliv,10,21,31
fact,7,21,28
send,3,21,24
consum,2,21,23
label,1,21,22
pm,0,21,21
monitor,10,20,30
avail,9,20,29
sever,9,20,29
repair,8,20,28
notic,3,20,23
due,3,20,23
refus,1,20,21
itun,0,20,20
@,0,20,20
pc,64,19,83
iphon,39,19,58
everyth,36,19,55
refurbish,10,19,29
show,6,19,25
amazon,6,19,25
promis,5,19,24
wont,4,19,23
guess,2,19,21
exchang,1,19,20
transfer,1,19,20
geekbuddi,0,19,19
option,10,18,28
els,6,18,24
bill,5,18,23
fault,2,18,20
warehous,1,18,19
assist,1,18,19
info,0,18,18
rude,0,18,18
thank,26,17,43
team,14,17,31
less,9,17,26
program,9,17,26
read,7,17,24
code,2,17,19
rebat,2,17,19
unabl,2,17,19
microsoft,2,17,19
attempt,1,17,18
mail,1,17,18
wasnt,1,17,18
author,0,17,17
download,0,17,17
qualiti,47,16,63
littl,20,16,36
right,14,16,30
job,11,16,27
worth,9,16,25
match,8,16,24
app,5,16,21
sound,5,16,21
requir,5,16,21
stop,3,16,19
ill,3,16,19
parti,3,16,19
front,2,16,18
wast,2,16,18
post,1,16,17
third,1,16,17
error,1,16,17
mess,1,16,17
blame,0,16,16
game,19,15,34
provid,16,15,31
recent,16,15,31
keyboard,10,15,25
other,10,15,25
page,6,15,21
havent,5,15,20
trust,5,15,20
alreadi,4,15,19
internet,4,15,19
make,3,15,18
payment,2,15,17
file,2,15,17
fraud,1,15,16
anoth,1,15,16
fedex,0,15,15
caus,0,15,15
cs,0,15,15
usual,14,14,28
big,12,14,26
includ,10,14,24
discount,10,14,24
geek,9,14,23
anyon,8,14,22
power,8,14,22
ad,7,14,21
half,7,14,21
fan,6,14,20
want,6,14,20
ok,5,14,19
gener,5,14,19
sell,5,14,19
door,3,14,17
correct,3,14,17
scam,3,14,16
understand,2,14,16
drop,2,14,16
bottom,1,14,15
mistak,1,14,15
interest,1,14,15
regard,0,14,14
aw,0,14,14
dryer,0,14,14
local,10,13,23
version,9,13,22
list,9,13,22
long,9,13,22
id,9,13,22
immedi,8,13,21
goe,7,13,20
commun,4,13,17
couldnt,4,13,17
detail,4,13,17
rma,3,13,16
viru,3,13,16
resolv,3,13,16
remov,3,13,16
employe,3,13,16
pass,3,13,16
live,3,13,16
matter,2,13,15
hp,2,13,15
happen,2,13,15
machin,2,13,15
report,1,13,14
suppos,1,13,14
decemb,1,13,14
sent,0,13,13
addit,0,13,13
pop,0,13,13
better,13,12,25
connect,13,12,25
friend,12,12,24
plan,11,12,23
abl,10,12,22
find,7,12,19
retail,6,12,18
decid,5,12,17
write,5,12,17
whole,4,12,16
apolog,4,12,16
guarante,4,12,16
leav,3,12,15
explain,3,12,15
merchandis,2,12,14
situat,1,12,13
know,1,12,13
record,1,12,13
stori,1,12,13
verifi,0,12,12
repli,0,12,12
motherboard,0,12,12
td,0,12,12
shipper,0,12,12
bewar,0,12,12
saturday,0,12,12
useless,0,12,12
web,15,11,26
black,12,11,23
small,9,11,20
complaint,9,11,20
offic,8,11,19
relat,8,11,19
cours,6,11,17
handl,6,11,17
camera,5,11,16
amount,4,11,15
technic,4,11,15
monday,3,11,14
function,3,11,14
kind,3,11,14
absolut,2,11,13
appar,2,11,13
spent,2,11,13
fail,2,11,13
broken,1,11,12
cover,1,11,12
fee,1,11,12
min,0,11,11
lenovo,14,10,24
paypal,12,10,22
upgrad,11,10,21
fair,10,10,20
click,8,10,18
hand,8,10,18
secur,7,10,17
mind,7,10,17
cpu,6,10,16
mention,5,10,15
past,5,10,15
coupl,5,10,15
allow,4,10,14
area,3,10,13
night,3,10,13
note,3,10,13
concern,3,10,13
log,2,10,12
feel,2,10,12
fals,2,10,12
real,2,10,12
multipl,2,10,12
onc,1,10,11
frustrat,1,10,11
idea,1,10,11
sorri,1,10,11
luck,1,10,11
possibl,1,10,11
delay,1,10,11
tuesday,1,10,11
easi,34,9,43
nice,32,9,41
brand,22,9,31
bit,17,9,26
high,16,9,25
low,15,9,24
choic,11,9,20
user,10,9,19
disappoint,7,9,16
christma,7,9,16
miss,6,9,15
market,6,9,15
continu,6,9,15
associ,5,9,14
result,5,9,14
specif,5,9,14
run,4,9,13
english,4,9,13
accord,4,9,13
close,4,9,13
slow,3,9,12
link,3,9,12
dellcom,3,9,12
man,3,9,12
shipment,3,9,12
touch,3,9,12
mostli,2,9,11
clear,2,9,11
repres,2,9,11
cd,2,9,11
samsung,2,9,11
initi,2,9,11
desktop,17,8,25
devic,16,8,24
compar,12,8,20
select,12,8,20
current,8,8,16
cell,8,8,16
buyer,6,8,14
theyr,6,8,14
stick,6,8,14
turn,6,8,14
crash,5,8,13
speaker,5,8,13
side,4,8,12
higher,4,8,12
die,4,8,12
believ,4,8,12
properli,3,8,11
term,3,8,11
till,3,8,11
short,3,8,11
wa,3,8,11
form,3,8,11
mean,3,8,11
limit,3,8,10
happi,18,7,25
applianc,16,7,23
rate,11,7,18
special,10,7,17
profession,9,7,16
quit,9,7,16
son,9,7,16
piec,9,7,16
larg,8,7,15
quick,8,7,15
type,7,7,14
transact,7,7,14
enough,6,7,13
search,6,7,13
center,6,7,13
definit,6,7,13
come,5,7,12
usb,5,7,12
latest,5,7,12
suppli,5,7,12
photo,4,7,11
sometim,18,6,24
stuff,17,6,23
alway,15,6,21
video,15,6,21
pretti,14,6,20
quickli,12,6,18
cheaper,10,6,16
data,8,6,14
model,8,6,14
compon,7,6,13
plu,6,6,12
everyon,6,6,12
extrem,6,6,12
locat,6,6,12
go,5,6,11
comment,5,6,11
isnt,5,6,11
condit,5,6,11
pictur,5,6,11
fast,23,5,28
top,16,5,21
overal,14,5,19
staff,12,5,17
watch,11,5,16
build,10,5,15
pro,9,5,14
friendli,9,5,14
super,9,5,14
life,9,5,14
hardwar,8,5,13
batteri,8,5,13
research,7,5,12
wife,7,5,12
hassl,7,5,12
book,6,5,11
keep,6,5,11
technolog,6,5,11
famili,6,5,11
futur,6,5,11
awesom,18,4,22
ibuypow,17,4,21
design,16,4,20
cheap,10,4,14
valu,10,4,14
cool,10,4,14
veri,10,4,14
highli,10,4,14
rang,8,4,12
section,7,4,11
older,7,4,11
love,24,3,27
ipad,11,3,14
knowledg,11,3,14
macbook,10,3,13
recommend,10,3,13
world,10,3,13
graphic,10,3,13
xp,8,3,11
beat,8,3,11
reliabl,22,2,24
satisfi,14,2,16
mac,12,2,14
daili,10,2,12
fun,9,2,11
server,18,1,19
featur,13,1,14
amaz,12,1,13
host,49,0,49
excel,35,0,35
rareserv,16,0,16
perfect,15,0,15
vp,13,0,13
