feature,pvalue
,0.0
pop,0.0
allow,0.0
compar,0.0
model,0.0
i,0.0
reason,0.0
idea,0.0
shipment,0.0
power,0.0
right,0.0
knowledg,0.0
son,0.0
unit,0.0
rma,0.0
interest,0.0
extra,0.0
sale,0.411
file,0.0
label,0.0
valu,0.1
correct,0.0
sinc,0.0
pm,0.0
site,0.0
term,0.0
pay,0.0
parti,0.0
plan,0.0
leav,0.0
horribl,0.0
system,0.0
worst,0.0
transfer,0.0
mean,0.0
packag,0.0
black,0.0
cell,0.0
suppli,0.0
everi,0.0
rep,0.0
technic,0.0
mac,0.0
call,0.0
download,0.0
help,0.0
brand,0.0
ibuypow,0.0
part,0.0
option,0.0
report,0.0
older,0.0
hand,0.0
havent,0.0
life,0.0
buyer,0.0
decemb,0.0
question,0.0
past,0.0
comment,0.0
differ,0.0
buy,0.0
charg,0.0
stock,0.0
cpu,0.0
absolut,0.0
excel,0.0
want,0.0
actual,0.0
xp,0.0
softwar,0.0
free,0.0
cours,0.0
microsoft,0.0
wast,0.0
item,0.0
poor,0.0
data,0.0
specif,0.0
team,0.0
line,0.0
door,0.0
@,0.87
machin,0.0
claim,0.0
end,0.0
merchandis,0.0
fix,0.0
number,0.0
cancel,0.0
world,0.0
program,0.0
possibl,0.0
secur,0.0
use,0.0
cool,0.0
geek,0.0
name,0.0
blame,0.0
get,0.0
reliabl,0.0
enough,0.0
fraud,0.0
manag,0.0
devic,0.0
cover,0.0
monitor,0.0
home,0.0
caus,0.0
regard,0.0
first,0.0
continu,0.0
avail,0.0
info,0.0
code,0.0
larg,0.0
realli,0.0
technolog,0.0
disappoint,0.0
beat,0.0
friendli,0.0
ask,0.0
detail,0.0
tuesday,0.0
overal,0.0
decid,0.0
whole,0.0
support,0.0
goe,0.0
fair,0.0
cheaper,0.0
cost,0.0
check,0.0
els,0.0
complet,0.0
stuff,0.0
read,0.0
geekbuddi,0.0
rareserv,0.0
repres,0.0
bad,0.0
wait,0.0
awesom,0.0
isnt,0.0
includ,0.0
current,0.0
server,0.0
window,0.0
ad,0.0
best,0.0
thi,0.0
paypal,0.0
version,0.0
profession,0.0
notic,0.0
address,0.0
busi,0.0
talk,0.0
last,0.0
promis,0.0
area,0.0
peopl,0.0
user,0.0
miss,0.0
stop,0.0
hold,0.0
app,0.0
broken,0.0
way,0.0
appar,0.0
defect,0.0
confirm,0.0
kind,0.0
camera,0.0
vp,0.0
addit,0.0
close,0.0
thing,0.0
issu,0.0
send,0.0
highli,0.0
explain,0.0
gener,0.0
dell,0.0
next,0.0
book,0.0
amazon,0.0
servic,0.0
believ,0.0
anoth,0.0
drop,0.0
type,0.0
theyr,0.0
year,0.0
id,0.0
center,0.0
match,0.0
choic,0.0
credit,0.0
littl,0.0
bill,0.0
minut,0.0
fun,0.0
better,0.0
immedi,0.0
instal,0.0
card,0.0
frustrat,0.0
coupl,0.0
samsung,0.0
unabl,0.0
purchas,0.0
sound,0.0
much,0.0
remov,0.0
wa,0.0
inform,0.0
page,0.0
guarante,0.0
mind,0.0
job,0.0
saturday,0.0
condit,0.0
consum,0.0
connect,0.0
long,0.0
click,0.0
mani,0.0
deal,0.0
offic,0.0
apolog,0.0
tech,0.0
rate,0.0
mistak,0.0
man,0.0
ipad,0.0
hardwar,0.0
clear,0.0
phone,0.0
bank,0.0
half,0.0
problem,0.0
pass,0.0
give,0.0
show,0.0
select,0.0
pleas,0.0
fals,0.0
initi,0.0
lie,0.0
cd,0.0
side,0.0
lot,0.0
complaint,0.0
run,0.0
great,0.0
doesnt,0.0
place,0.0
onc,0.0
small,0.103
product,0.0
onlin,0.0
delay,0.0
need,0.0
write,0.0
concern,0.0
shipper,0.0
month,0.0
function,0.0
situat,0.0
rebat,0.0
quickli,0.0
polici,0.0
bewar,0.0
crash,0.0
desktop,0.0
famili,0.0
pro,0.0
drive,0.0
comput,0.0
watch,0.0
graphic,0.0
newegg,0.0
deliv,0.0
speaker,0.0
special,0.0
top,0.0
research,0.0
stori,0.0
short,0.0
perfect,0.0
note,0.0
money,0.0
featur,0.0
warranti,0.0
happi,0.0
ive,0.0
tiger,0.0
veri,0.0
dont,0.0
key,0.0
someon,0.0
tv,0.0
assist,0.0
least,0.0
turn,0.0
exchang,0.0
fail,0.05
satisfi,0.0
monday,0.0
experi,0.0
price,0.0
other,0.0
contact,0.0
sorri,0.0
cs,0.0
hp,0.0
total,0.0
refund,0.0
thank,0.0
fine,0.0
state,0.0
keep,0.0
lenovo,0.0
fact,0.0
dryer,0.0
futur,0.0
repli,0.0
locat,0.0
limit,0.0
front,0.0
anyon,0.0
repair,0.0
howev,0.0
email,0.0
error,0.0
ill,0.0
answer,0.0
everyth,0.0
matter,0.0
multipl,0.077
night,0.0
box,0.0
payment,0.0
easi,0.0
td,0.0
second,0.0
deliveri,0.0
due,0.0
section,0.0
usual,0.0
store,0.0
author,0.0
die,0.0
come,0.0
link,0.0
gift,0.0
wasnt,0.0
mostli,0.0
worth,0.0
know,0.0
respons,0.0
recommend,0.0
photo,0.0
form,0.0
websit,0.0
search,0.0
speak,0.0
open,0.0
track,0.0
local,0.0
feel,0.0
quick,0.0
macbook,0.0
log,0.099
fedex,0.0
receiv,0.0
friend,0.0
host,0.0
fault,0.0
transact,0.0
wife,0.0
pick,0.0
slow,0.0
applianc,0.0
alway,0.0
week,0.0
mention,0.0
request,0.0
time,0.0
love,0.0
anyth,0.0
amount,0.0
keyboard,0.184
date,0.0
sever,0.0
cant,0.0
third,0.0
recent,0.0
relat,0.0
care,0.0
offer,0.0
till,0.0
terribl,0.0
latest,0.0
record,0.0
tigerdirect,0.0
start,0.0
screen,0.0
couldnt,0.0
alreadi,0.0
aw,0.0
post,0.0
day,0.0
pictur,0.0
account,0.0
piec,0.0
game,0.0
ship,0.0
mess,0.0
commun,0.0
rude,0.0
new,0.0
provid,0.0
real,0.0
low,0.0
go,0.0
fan,0.0
everyon,0.0
qualiti,0.0
full,0.0
depart,0.0
good,0.0
fast,0.0
amaz,0.0
compon,0.0
suppos,0.0
star,0.0
rang,0.0
scam,0.0
happen,0.0
retail,0.0
live,0.0
hassl,0.0
trust,0.0
direct,0.0
abl,0.0
high,0.0
shop,0.0
extrem,0.0
fee,0.0
attempt,0.0
higher,0.0
guess,0.0
christma,0.0
someth,0.0
im,0.0
build,0.0
spent,0.0
tell,0.0
laptop,0.0
manufactur,0.0
refurbish,0.0
bit,0.0
discount,0.0
supervisor,0.0
sell,0.0
useless,0.0
batteri,0.0
damag,0.0
iphon,0.0
process,0.0
associ,0.0
order,0.0
web,0.0
chang,0.0
resolv,0.0
nice,0.0
person,0.0
design,0.0
internet,0.0
origin,0.0
verifi,0.0
list,0.0
staff,0.0
old,0.0
return,0.0
definit,0.0
handl,0.0
requir,0.0
let,0.0
warehous,0.0
cheap,0.0
wrong,0.0
fri,0.0
work,0.0
custom,0.0
motherboard,0.0
video,0.0
seller,0.0
upgrad,0.0
final,0.0
pc,0.0
electron,0.0
understand,0.0
hour,0.0
properli,0.0
case,0.0
replac,0.0
appl,0.0
hard,0.0
plu,0.0
look,0.0
make,0.0
compani,0.0
didnt,0.0
point,0.0
today,0.0
super,0.0
luck,0.0
review,0.0
result,0.0
employe,0.0
bottom,0.0
big,0.0
messag,0.0
guy,0.0
market,0.0
accord,0.0
sometim,0.0
daili,0.0
usb,0.0
updat,0.0
arriv,0.0
touch,0.0
stick,0.0
refus,0.0
min,0.0
dollar,0.0
sure,0.0
sent,0.0
find,0.0
wont,0.0
english,0.0
viru,0.0
less,0.0
ok,0.0
tri,0.0
mail,0.0
quit,0.0
friday,0.0
dellcom,0.0
pretti,0.0
itun,0.0
