feature,pvalue
,0.0
pop,1.0
allow,1.0
compar,1.0
model,1.0
i,0.0
reason,1.0
idea,1.0
shipment,1.0
power,1.0
right,1.0
knowledg,0.0
son,1.0
unit,1.0
rma,1.0
interest,0.006
extra,1.0
sale,0.263
file,0.642
label,1.0
valu,1.0
correct,1.0
sinc,1.0
pm,1.0
site,0.951
term,1.0
pay,1.0
parti,1.0
plan,1.0
leav,1.0
horribl,0.0
system,0.032
worst,0.0
transfer,1.0
mean,1.0
packag,1.0
black,0.038
cell,1.0
suppli,1.0
everi,1.0
rep,1.0
technic,1.0
mac,1.0
call,0.0
download,1.0
help,0.317
brand,0.0
ibuypow,0.0
part,0.0
option,1.0
report,1.0
older,1.0
hand,0.192
havent,1.0
life,1.0
buyer,1.0
decemb,0.921
question,1.0
past,1.0
comment,1.0
differ,0.0
buy,0.0
charg,1.0
stock,0.003
cpu,1.0
absolut,1.0
excel,0.0
want,1.0
actual,0.0
xp,0.0
softwar,1.0
free,0.0
cours,1.0
microsoft,1.0
wast,1.0
item,0.013
poor,0.0
data,1.0
specif,1.0
team,0.0
line,0.446
door,1.0
@,1.0
machin,0.291
claim,1.0
end,1.0
merchandis,1.0
fix,1.0
number,1.0
cancel,0.015
world,0.766
program,1.0
possibl,1.0
secur,1.0
use,0.002
cool,0.114
geek,0.989
name,1.0
blame,1.0
get,0.0
reliabl,0.0
enough,1.0
fraud,1.0
manag,0.0
devic,0.518
cover,1.0
monitor,0.516
home,1.0
caus,0.086
regard,1.0
first,1.0
continu,1.0
avail,1.0
info,0.0
code,0.0
larg,0.637
realli,0.0
technolog,1.0
disappoint,0.516
beat,1.0
friendli,1.0
ask,0.0
detail,1.0
tuesday,1.0
overal,0.0
decid,1.0
whole,1.0
support,1.0
goe,1.0
fair,1.0
cheaper,1.0
cost,0.666
check,0.034
els,0.0
complet,0.0
stuff,0.099
read,1.0
geekbuddi,0.0
rareserv,1.0
repres,1.0
bad,0.0
wait,1.0
awesom,0.0
isnt,1.0
includ,1.0
current,0.558
server,1.0
window,1.0
ad,1.0
best,0.0
thi,0.0
paypal,0.001
version,1.0
profession,1.0
notic,1.0
address,0.045
busi,1.0
talk,1.0
last,0.543
promis,1.0
area,1.0
peopl,0.0
user,1.0
miss,1.0
stop,0.0
hold,1.0
app,1.0
broken,1.0
way,1.0
appar,1.0
defect,1.0
confirm,0.761
kind,0.355
camera,1.0
vp,1.0
addit,1.0
close,1.0
thing,0.374
issu,0.0
send,1.0
highli,1.0
explain,1.0
gener,0.0
dell,0.013
next,1.0
book,1.0
amazon,1.0
servic,0.0
believ,1.0
anoth,1.0
drop,1.0
type,1.0
theyr,1.0
year,0.396
id,1.0
center,1.0
match,1.0
choic,1.0
credit,0.233
littl,0.0
bill,1.0
minut,1.0
fun,1.0
better,0.379
immedi,0.315
instal,0.0
card,1.0
frustrat,1.0
coupl,1.0
samsung,0.0
unabl,1.0
purchas,1.0
sound,0.0
much,1.0
remov,1.0
wa,1.0
inform,1.0
page,0.113
guarante,1.0
mind,1.0
job,0.119
saturday,1.0
condit,1.0
consum,1.0
connect,1.0
long,1.0
click,0.001
mani,1.0
deal,1.0
offic,1.0
apolog,1.0
tech,1.0
rate,0.854
mistak,1.0
man,1.0
ipad,0.01
hardwar,1.0
clear,1.0
phone,1.0
bank,1.0
half,1.0
problem,0.011
pass,1.0
give,1.0
show,1.0
select,0.078
pleas,0.27
fals,0.583
initi,1.0
lie,0.632
cd,1.0
side,1.0
lot,0.003
complaint,0.144
run,1.0
great,0.0
doesnt,0.0
place,0.878
onc,1.0
small,1.0
product,0.164
onlin,1.0
delay,1.0
need,0.0
write,1.0
concern,1.0
shipper,1.0
month,0.0
function,0.0
situat,1.0
rebat,0.0
quickli,0.0
polici,0.008
bewar,0.0
crash,1.0
desktop,0.0
famili,1.0
pro,1.0
drive,1.0
comput,0.04
watch,0.008
graphic,1.0
newegg,0.813
deliv,1.0
speaker,1.0
special,1.0
top,0.0
research,0.946
stori,1.0
short,1.0
perfect,0.0
note,1.0
money,0.0
featur,1.0
warranti,0.016
happi,0.0
ive,0.0
tiger,1.0
veri,0.878
dont,0.0
key,1.0
someon,0.008
tv,0.062
assist,0.029
least,1.0
turn,0.74
exchang,1.0
fail,1.0
satisfi,0.0
monday,1.0
experi,0.926
price,0.0
other,1.0
contact,0.002
sorri,1.0
cs,1.0
hp,1.0
total,1.0
refund,0.0
thank,1.0
fine,0.621
state,0.351
keep,1.0
lenovo,1.0
fact,1.0
dryer,1.0
futur,1.0
repli,1.0
locat,0.002
limit,0.298
front,1.0
anyon,1.0
repair,0.025
howev,0.0
email,1.0
error,1.0
ill,1.0
answer,1.0
everyth,0.0
matter,1.0
multipl,1.0
night,1.0
box,1.0
payment,0.0
easi,0.001
td,1.0
second,0.138
deliveri,0.182
due,1.0
section,0.497
usual,1.0
store,0.0
author,1.0
die,1.0
come,1.0
link,1.0
gift,0.824
wasnt,1.0
mostli,0.129
worth,0.0
know,1.0
respons,0.04
recommend,0.123
photo,1.0
form,1.0
websit,1.0
search,1.0
speak,1.0
open,0.866
track,1.0
local,1.0
feel,1.0
quick,1.0
macbook,1.0
log,1.0
fedex,1.0
receiv,1.0
friend,0.666
host,0.0
fault,0.274
transact,0.437
wife,1.0
pick,0.011
slow,1.0
applianc,0.02
alway,1.0
week,1.0
mention,1.0
request,1.0
time,1.0
love,0.0
anyth,0.0
amount,1.0
keyboard,1.0
date,1.0
sever,1.0
cant,0.688
third,1.0
recent,1.0
relat,1.0
care,1.0
offer,0.08
till,1.0
terribl,0.0
latest,1.0
record,1.0
tigerdirect,1.0
start,1.0
screen,0.081
couldnt,1.0
alreadi,1.0
aw,0.0
post,1.0
day,0.0
pictur,1.0
account,0.0
piec,1.0
game,0.869
ship,0.0
mess,1.0
commun,1.0
rude,0.0
new,0.01
provid,1.0
real,1.0
low,1.0
go,1.0
fan,0.39
everyon,0.156
qualiti,0.413
full,0.65
depart,1.0
good,0.0
fast,0.001
amaz,0.0
compon,1.0
suppos,1.0
star,0.315
rang,1.0
scam,1.0
happen,1.0
retail,1.0
live,1.0
hassl,1.0
trust,0.174
direct,1.0
abl,0.0
high,1.0
shop,1.0
extrem,1.0
fee,0.0
attempt,1.0
higher,0.747
guess,0.0
christma,1.0
someth,0.0
im,0.001
build,1.0
spent,1.0
tell,1.0
laptop,0.0
manufactur,0.665
refurbish,1.0
bit,1.0
discount,1.0
supervisor,1.0
sell,0.018
useless,1.0
batteri,1.0
damag,0.209
iphon,0.0
process,1.0
associ,1.0
order,0.0
web,1.0
chang,0.706
resolv,0.055
nice,0.0
person,1.0
design,1.0
internet,1.0
origin,0.135
verifi,1.0
list,1.0
staff,0.002
old,0.214
return,1.0
definit,1.0
handl,1.0
requir,1.0
let,1.0
warehous,0.512
cheap,0.018
wrong,1.0
fri,1.0
work,0.0
custom,0.0
motherboard,0.223
video,1.0
seller,1.0
upgrad,1.0
final,0.547
pc,0.0
electron,0.0
understand,1.0
hour,0.0
properli,1.0
case,1.0
replac,1.0
appl,0.0
hard,1.0
plu,1.0
look,1.0
make,0.363
compani,0.961
didnt,0.0
point,1.0
today,1.0
super,1.0
luck,1.0
review,0.02
result,1.0
employe,1.0
bottom,1.0
big,0.117
messag,0.002
guy,1.0
market,1.0
accord,1.0
sometim,1.0
daili,0.0
usb,1.0
updat,1.0
arriv,1.0
touch,0.0
stick,0.721
refus,0.562
min,1.0
dollar,1.0
sure,0.216
sent,1.0
find,1.0
wont,0.011
english,1.0
viru,0.001
less,1.0
ok,0.032
tri,0.0
mail,1.0
quit,1.0
friday,1.0
dellcom,1.0
pretti,0.0
itun,1.0
