Feature,Positive(0),Negative(1),p-value
,0,20,0.0
pop,0,13,0.0
allow,4,10,0.0
compar,12,8,0.0
model,8,6,0.0
i,761,1865,0.0
reason,18,29,0.0
idea,1,10,0.0
shipment,3,9,0.0
power,8,14,0.0
right,14,16,0.0
knowledg,11,3,0.0
son,9,7,0.0
unit,1,23,0.0
rma,3,13,0.0
interest,1,14,0.0
extra,7,23,0.0
file,2,15,0.0
label,1,21,0.0
correct,3,14,0.0
sinc,25,65,0.0
pm,0,21,0.0
site,80,72,0.0
term,3,8,0.0
pay,14,43,0.0
parti,3,16,0.0
plan,11,12,0.0
leav,3,12,0.0
horribl,0,24,0.0
system,21,46,0.0
worst,0,29,0.0
transfer,1,19,0.0
mean,3,8,0.0
packag,16,43,0.0
black,12,11,0.0
cell,8,8,0.0
suppli,5,7,0.0
everi,25,33,0.0
rep,3,22,0.0
technic,4,11,0.0
mac,12,2,0.0
call,19,204,0.0
download,0,17,0.0
help,52,53,0.0
brand,22,9,0.0
ibuypow,17,4,0.0
part,42,46,0.0
option,10,18,0.0
report,1,13,0.0
older,7,4,0.0
hand,8,10,0.0
havent,5,15,0.0
life,9,5,0.0
buyer,6,8,0.0
decemb,1,13,0.0
question,11,36,0.0
past,5,10,0.0
comment,5,6,0.0
differ,4,24,0.0
buy,77,102,0.0
charg,10,58,0.0
stock,11,36,0.0
cpu,6,10,0.0
absolut,2,11,0.0
excel,35,0,0.0
want,6,14,0.0
actual,17,26,0.0
xp,8,3,0.0
softwar,9,24,0.0
free,31,24,0.0
cours,6,11,0.0
microsoft,2,17,0.0
wast,2,16,0.0
item,53,185,0.0
poor,5,22,0.0
data,8,6,0.0
specif,5,9,0.0
team,14,17,0.0
line,4,33,0.0
door,3,14,0.0
machin,2,13,0.0
claim,1,36,0.0
end,10,31,0.0
merchandis,2,12,0.0
fix,11,28,0.0
number,16,98,0.0
cancel,2,63,0.0
world,10,3,0.0
program,9,17,0.0
possibl,1,10,0.0
secur,7,10,0.0
use,78,104,0.0
cool,10,4,0.0
geek,9,14,0.0
name,6,31,0.0
blame,0,16,0.0
get,25,64,0.0
reliabl,22,2,0.0
enough,6,7,0.0
fraud,1,15,0.0
manag,3,85,0.0
devic,16,8,0.0
cover,1,11,0.0
monitor,10,20,0.0
home,13,32,0.0
caus,0,15,0.0
regard,0,14,0.0
first,15,41,0.0
continu,6,9,0.0
avail,9,20,0.0
info,0,18,0.0
code,2,17,0.0
larg,8,7,0.0
realli,33,37,0.0
technolog,6,5,0.0
disappoint,7,9,0.0
beat,8,3,0.0
friendli,9,5,0.0
ask,6,65,0.0
detail,4,13,0.0
tuesday,1,10,0.0
overal,14,5,0.0
decid,5,12,0.0
whole,4,12,0.0
support,43,57,0.0
goe,7,13,0.0
fair,10,10,0.0
cheaper,10,6,0.0
cost,11,24,0.0
check,11,32,0.0
els,6,18,0.0
complet,13,33,0.0
stuff,17,6,0.0
read,7,17,0.0
geekbuddi,0,19,0.0
rareserv,16,0,0.0
repres,2,9,0.0
bad,15,46,0.0
wait,12,41,0.0
awesom,18,4,0.0
isnt,5,6,0.0
includ,10,14,0.0
current,8,8,0.0
server,18,1,0.0
window,9,27,0.0
ad,7,14,0.0
best,119,93,0.0
thi,34,87,0.0
paypal,12,10,0.0
version,9,13,0.0
profession,9,7,0.0
notic,3,20,0.0
address,1,41,0.0
busi,32,72,0.0
talk,5,42,0.0
last,28,54,0.0
promis,5,19,0.0
area,3,10,0.0
peopl,24,57,0.0
user,10,9,0.0
miss,6,9,0.0
stop,3,16,0.0
hold,2,29,0.0
app,5,16,0.0
broken,1,11,0.0
way,19,66,0.0
appar,2,11,0.0
defect,1,23,0.0
confirm,1,28,0.0
kind,3,11,0.0
camera,5,11,0.0
vp,13,0,0.0
addit,0,13,0.0
close,4,9,0.0
thing,42,57,0.0
issu,40,73,0.0
send,3,21,0.0
highli,10,4,0.0
explain,3,12,0.0
gener,5,14,0.0
dell,69,117,0.0
next,7,34,0.0
book,6,5,0.0
amazon,6,19,0.0
servic,117,216,0.0
believ,4,8,0.0
anoth,1,15,0.0
drop,2,14,0.0
type,7,7,0.0
theyr,6,8,0.0
year,84,90,0.0
id,9,13,0.0
center,6,7,0.0
match,8,16,0.0
choic,11,9,0.0
credit,20,105,0.0
littl,20,16,0.0
bill,5,18,0.0
minut,8,64,0.0
fun,9,2,0.0
better,13,12,0.0
immedi,8,13,0.0
instal,7,42,0.0
card,32,123,0.0
frustrat,1,10,0.0
coupl,5,10,0.0
samsung,2,9,0.0
unabl,2,17,0.0
purchas,47,100,0.0
sound,5,16,0.0
much,23,32,0.0
remov,3,13,0.0
wa,3,8,0.0
inform,15,58,0.0
page,6,15,0.0
guarante,4,12,0.0
mind,7,10,0.0
job,11,16,0.0
saturday,0,12,0.0
condit,5,6,0.0
consum,2,21,0.0
connect,13,12,0.0
long,9,13,0.0
click,8,10,0.0
mani,36,21,0.0
deal,48,47,0.0
offic,8,11,0.0
apolog,4,12,0.0
tech,20,24,0.0
rate,11,7,0.0
mistak,1,14,0.0
man,3,9,0.0
ipad,11,3,0.0
hardwar,8,5,0.0
clear,2,9,0.0
phone,52,132,0.0
bank,1,25,0.0
half,7,14,0.0
problem,59,94,0.0
pass,3,13,0.0
give,5,25,0.0
show,6,19,0.0
select,12,8,0.0
pleas,4,34,0.0
fals,2,10,0.0
initi,2,9,0.0
lie,0,28,0.0
cd,2,9,0.0
side,4,8,0.0
lot,36,22,0.0
complaint,9,11,0.0
run,4,9,0.0
great,154,28,0.0
doesnt,4,27,0.0
place,44,74,0.0
onc,1,10,0.0
product,149,159,0.0
onlin,44,62,0.0
delay,1,10,0.0
need,19,30,0.0
write,5,12,0.0
concern,3,10,0.0
shipper,0,12,0.0
month,13,67,0.0
function,3,11,0.0
situat,1,12,0.0
rebat,2,17,0.0
quickli,12,6,0.0
polici,17,32,0.0
bewar,0,12,0.0
crash,5,8,0.0
desktop,17,8,0.0
famili,6,5,0.0
pro,9,5,0.0
drive,12,37,0.0
comput,120,219,0.0
watch,11,5,0.0
graphic,10,3,0.0
newegg,35,144,0.0
deliv,10,21,0.0
speaker,5,8,0.0
special,10,7,0.0
top,16,5,0.0
research,7,5,0.0
stori,1,12,0.0
short,3,8,0.0
perfect,15,0,0.0
note,3,10,0.0
money,18,110,0.0
featur,13,1,0.0
warranti,16,40,0.0
happi,18,7,0.0
ive,44,56,0.0
tiger,24,44,0.0
veri,10,4,0.0
dont,28,79,0.0
key,2,23,0.0
someon,6,34,0.0
tv,16,67,0.0
assist,1,18,0.0
least,9,22,0.0
turn,6,8,0.0
exchang,1,19,0.0
satisfi,14,2,0.0
monday,3,11,0.0
experi,31,38,0.0
price,152,116,0.0
other,10,15,0.0
contact,7,56,0.0
sorri,1,10,0.0
cs,0,15,0.0
hp,2,13,0.0
total,8,24,0.0
refund,5,92,0.0
thank,26,17,0.0
fine,11,22,0.0
state,2,40,0.0
keep,6,5,0.0
lenovo,14,10,0.0
fact,7,21,0.0
dryer,0,14,0.0
futur,6,5,0.0
repli,0,12,0.0
locat,6,6,0.0
limit,3,8,0.0
front,2,16,0.0
anyon,8,14,0.0
repair,8,20,0.0
howev,9,27,0.0
email,14,90,0.0
error,1,16,0.0
ill,3,16,0.0
answer,4,22,0.0
everyth,36,19,0.0
matter,2,13,0.0
night,3,10,0.0
box,13,39,0.0
payment,2,15,0.0
easi,34,9,0.0
td,0,12,0.0
second,4,29,0.0
deliveri,25,54,0.0
due,3,20,0.0
section,7,4,0.0
usual,14,14,0.0
store,76,141,0.0
author,0,17,0.0
die,4,8,0.0
come,5,7,0.0
link,3,9,0.0
gift,6,30,0.0
wasnt,1,17,0.0
mostli,2,9,0.0
worth,9,16,0.0
know,1,12,0.0
respons,3,49,0.0
recommend,10,3,0.0
photo,4,7,0.0
form,3,8,0.0
websit,46,56,0.0
search,6,7,0.0
speak,2,35,0.0
open,2,43,0.0
track,4,34,0.0
local,10,13,0.0
feel,2,10,0.0
quick,8,7,0.0
macbook,10,3,0.0
fedex,0,15,0.0
receiv,16,62,0.0
friend,12,12,0.0
host,49,0,0.0
fault,2,18,0.0
transact,7,7,0.0
wife,7,5,0.0
pick,14,26,0.0
slow,3,9,0.0
applianc,16,7,0.0
alway,15,6,0.0
week,27,96,0.0
mention,5,10,0.0
request,1,26,0.0
time,109,208,0.0
love,25,3,0.0
anyth,10,43,0.0
amount,4,11,0.0
date,7,32,0.0
sever,9,20,0.0
cant,13,28,0.0
third,1,16,0.0
recent,16,15,0.0
relat,8,11,0.0
care,13,40,0.0
offer,12,24,0.0
till,3,8,0.0
terribl,1,30,0.0
latest,5,7,0.0
record,1,12,0.0
tigerdirect,19,32,0.0
start,5,22,0.0
screen,12,35,0.0
couldnt,4,13,0.0
alreadi,4,15,0.0
aw,0,14,0.0
post,1,16,0.0
day,47,243,0.0
pictur,5,6,0.0
account,4,37,0.0
piec,9,7,0.0
game,19,15,0.0
ship,64,208,0.0
mess,1,16,0.0
commun,4,13,0.0
rude,0,18,0.0
new,62,100,0.0
provid,16,15,0.0
real,2,10,0.0
low,15,9,0.0
go,5,6,0.0
fan,6,14,0.0
everyon,6,6,0.0
qualiti,47,16,0.0
full,8,22,0.0
depart,5,47,0.0
good,175,83,0.0
fast,23,5,0.0
amaz,12,1,0.0
compon,7,6,0.0
suppos,1,13,0.0
star,11,21,0.0
rang,8,4,0.0
scam,3,14,0.0
happen,2,13,0.0
retail,6,12,0.0
live,3,13,0.0
hassl,7,5,0.0
trust,5,15,0.0
direct,18,34,0.0
abl,10,12,0.0
high,16,9,0.0
shop,34,29,0.0
extrem,6,6,0.0
fee,1,11,0.0
attempt,1,17,0.0
higher,4,8,0.0
guess,2,19,0.0
christma,7,9,0.0
someth,23,27,0.0
im,29,66,0.0
build,10,5,0.0
spent,2,11,0.0
tell,7,24,0.0
laptop,96,121,0.0
manufactur,4,24,0.0
refurbish,10,19,0.0
bit,17,9,0.0
discount,10,14,0.0
supervisor,1,32,0.0
sell,5,14,0.0
useless,0,12,0.0
batteri,8,5,0.0
damag,3,23,0.0
iphon,39,19,0.0
process,12,42,0.0
associ,5,9,0.0
order,112,397,0.0
web,15,11,0.0
chang,9,25,0.0
resolv,3,13,0.0
nice,32,9,0.0
person,17,63,0.0
design,16,4,0.0
internet,4,15,0.0
origin,0,24,0.0
verifi,0,12,0.0
list,9,13,0.0
staff,12,5,0.0
old,15,28,0.0
return,36,113,0.0
definit,6,7,0.0
handl,6,11,0.0
requir,5,16,0.0
let,4,24,0.0
warehous,1,18,0.0
cheap,10,4,0.0
wrong,9,25,0.0
fri,20,61,0.0
work,72,105,0.0
custom,101,275,0.0
motherboard,0,12,0.0
video,15,6,0.0
seller,9,29,0.0
upgrad,11,10,0.0
final,11,63,0.0
pc,64,19,0.0
electron,38,23,0.0
understand,2,14,0.0
hour,4,98,0.0
properli,3,8,0.0
case,10,27,0.0
replac,11,46,0.0
appl,82,42,0.0
hard,14,37,0.0
plu,6,6,0.0
look,19,45,0.0
make,3,15,0.0
compani,64,119,0.0
didnt,9,50,0.0
point,10,45,0.0
today,6,26,0.0
super,9,5,0.0
luck,1,10,0.0
review,30,44,0.0
result,5,9,0.0
employe,3,13,0.0
bottom,1,14,0.0
big,12,14,0.0
messag,0,30,0.0
guy,12,36,0.0
market,6,9,0.0
accord,4,9,0.0
sometim,18,6,0.0
daili,10,2,0.0
usb,5,7,0.0
updat,10,24,0.0
arriv,16,36,0.0
touch,3,9,0.0
stick,6,8,0.0
refus,1,20,0.0
min,0,11,0.0
dollar,4,23,0.0
sure,22,33,0.0
sent,0,13,0.0
find,7,12,0.0
wont,4,19,0.0
english,4,9,0.0
viru,3,13,0.0
less,9,17,0.0
ok,5,14,0.0
tri,17,100,0.0
mail,1,17,0.0
quit,9,7,0.0
friday,6,22,0.0
dellcom,3,9,0.0
pretti,14,6,0.0
itun,0,20,0.0
